review_id,viewer_id,movie_id,rating,sentiment,review_text,review_date
1,315,10,3.2,neutral,Worth watching once.,2025-04-18
2,249,1,4.6,positive,Exceeded all my expectations. Watch it now.,2025-04-21
3,542,10,3.4,neutral,Worth watching once.,2025-04-12
4,258,1,5.0,positive,Absolutely loved it — best film I've seen this year.,2025-03-15
5,400,13,3.8,neutral,Enjoyable but forgettable.,2025-02-06
6,383,15,4.0,positive,Stunning visuals and great performances.,2025-04-24
7,378,13,4.0,positive,Stunning visuals and great performances.,2025-03-27
8,301,9,4.7,positive,Gripping from start to finish. Highly recommended.,2025-04-25
9,387,14,2.7,negative,Expected more from this cast.,2024-11-27
10,298,11,4.2,positive,One of the best of the decade.,2025-04-02
11,24,15,3.4,neutral,Enjoyable but forgettable.,2025-03-21
12,248,1,4.5,positive,One of the best of the decade.,2025-04-14
13,340,5,5.0,positive,Gripping from start to finish. Highly recommended.,2025-04-19
14,64,9,5.0,positive,Stunning visuals and great performances.,2025-01-09
15,299,2,3.3,neutral,Enjoyable but forgettable.,2025-03-06
16,214,14,1.5,negative,Expected more from this cast.,2024-08-08
17,126,12,4.5,positive,Exceeded all my expectations. Watch it now.,2025-02-22
18,145,2,4.4,positive,Absolutely loved it — best film I've seen this year.,2025-02-19
19,127,1,4.3,positive,One of the best of the decade.,2025-01-21
20,204,8,2.0,negative,Slow pacing and predictable plot.,2025-04-27
21,138,1,4.5,positive,Exceeded all my expectations. Watch it now.,2025-04-07
22,232,3,3.5,neutral,"Decent watch, nothing groundbreaking.",2025-04-17
23,518,13,3.5,neutral,Worth watching once.,2025-01-30
24,98,15,3.3,neutral,Worth watching once.,2025-01-21
25,538,13,3.8,neutral,"Decent watch, nothing groundbreaking.",2024-11-10
26,214,14,1.9,negative,Disappointed — not what the trailer promised.,2024-05-16
27,563,7,2.4,negative,Slow pacing and predictable plot.,2025-04-17
28,14,5,5.0,positive,Gripping from start to finish. Highly recommended.,2025-04-27
29,271,3,3.3,neutral,"Good performances, weak story.",2025-04-29
30,426,1,4.8,positive,Absolutely loved it — best film I've seen this year.,2025-04-04
31,355,9,3.6,neutral,Enjoyable but forgettable.,2025-04-28
32,319,1,5.0,positive,One of the best of the decade.,2025-01-24
33,589,12,4.9,positive,Stunning visuals and great performances.,2024-09-16
34,232,6,2.0,negative,Slow pacing and predictable plot.,2025-03-19
35,143,6,2.3,negative,Comedy fell flat throughout.,2025-02-21
36,162,1,4.8,positive,Gripping from start to finish. Highly recommended.,2025-04-02
37,282,8,2.5,negative,Expected more from this cast.,2025-04-23
38,95,4,4.6,positive,Stunning visuals and great performances.,2025-02-18
39,533,9,4.2,positive,One of the best of the decade.,2025-02-26
40,44,15,4.0,positive,Stunning visuals and great performances.,2025-02-23
41,405,1,4.8,positive,Exceeded all my expectations. Watch it now.,2025-03-11
42,48,15,4.0,positive,One of the best of the decade.,2025-03-11
43,19,1,4.7,positive,Absolutely loved it — best film I've seen this year.,2025-02-08
44,57,13,3.3,neutral,Somewhere between good and great.,2024-12-30
45,28,3,3.5,neutral,Worth watching once.,2025-03-31
46,75,9,4.3,positive,Stunning visuals and great performances.,2025-04-10
47,261,2,4.8,positive,Stunning visuals and great performances.,2025-03-25
48,441,1,4.5,positive,One of the best of the decade.,2025-03-26
49,497,2,3.7,neutral,Worth watching once.,2025-04-20
50,147,9,3.8,neutral,Somewhere between good and great.,2025-01-31
51,42,15,4.5,positive,Absolutely loved it — best film I've seen this year.,2024-11-15
52,568,3,3.6,neutral,"Decent watch, nothing groundbreaking.",2025-04-24
53,244,15,4.4,positive,Exceeded all my expectations. Watch it now.,2025-04-23
54,564,9,3.6,neutral,Somewhere between good and great.,2025-01-22
55,128,4,4.5,positive,Absolutely loved it — best film I've seen this year.,2025-02-27
56,463,9,4.6,positive,Absolutely loved it — best film I've seen this year.,2025-03-23
57,595,12,3.2,neutral,"Decent watch, nothing groundbreaking.",2025-03-13
58,588,2,4.0,positive,Gripping from start to finish. Highly recommended.,2025-02-10
59,170,10,3.5,neutral,Worth watching once.,2025-04-25
60,587,11,4.3,positive,Exceeded all my expectations. Watch it now.,2024-11-10
61,468,12,4.1,positive,Absolutely loved it — best film I've seen this year.,2025-04-04
62,149,5,4.1,positive,One of the best of the decade.,2025-04-30
63,255,3,3.2,neutral,Enjoyable but forgettable.,2025-04-12
64,302,7,3.3,neutral,"Decent watch, nothing groundbreaking.",2025-04-28
65,200,5,4.4,positive,Gripping from start to finish. Highly recommended.,2025-04-11
66,229,1,5.0,positive,Stunning visuals and great performances.,2025-04-24
67,574,1,5.0,positive,Absolutely loved it — best film I've seen this year.,2025-03-08
68,24,9,3.9,neutral,Somewhere between good and great.,2025-03-06
69,428,1,4.4,positive,Absolutely loved it — best film I've seen this year.,2025-04-07
70,222,4,4.1,positive,Stunning visuals and great performances.,2025-04-26
71,226,15,4.2,positive,Stunning visuals and great performances.,2025-03-05
72,371,9,3.5,neutral,Enjoyable but forgettable.,2025-04-30
73,18,15,4.8,positive,Stunning visuals and great performances.,2025-04-14
74,353,1,5.0,positive,Exceeded all my expectations. Watch it now.,2025-04-09
75,445,1,5.0,positive,Stunning visuals and great performances.,2025-01-18
76,151,6,2.9,negative,Comedy fell flat throughout.,2025-04-13
77,273,11,4.0,positive,Absolutely loved it — best film I've seen this year.,2025-03-20
78,388,3,3.8,neutral,"Good performances, weak story.",2025-04-17
79,576,9,4.2,positive,Exceeded all my expectations. Watch it now.,2025-04-18
80,150,4,4.3,positive,Gripping from start to finish. Highly recommended.,2025-04-22
81,124,3,3.4,neutral,"Good performances, weak story.",2025-04-03
82,409,11,5.0,positive,One of the best of the decade.,2024-08-27
83,522,2,4.2,positive,Stunning visuals and great performances.,2025-04-29
84,31,13,3.4,neutral,Enjoyable but forgettable.,2025-03-10
85,527,11,4.8,positive,Exceeded all my expectations. Watch it now.,2025-04-15
86,399,3,3.9,neutral,"Decent watch, nothing groundbreaking.",2025-03-25
87,207,1,5.0,positive,Absolutely loved it — best film I've seen this year.,2025-01-25
88,343,9,3.9,neutral,"Decent watch, nothing groundbreaking.",2025-01-11
89,286,15,4.2,positive,Absolutely loved it — best film I've seen this year.,2024-11-29
90,75,9,4.1,positive,Stunning visuals and great performances.,2025-01-11
91,535,4,4.5,positive,Gripping from start to finish. Highly recommended.,2025-04-29
92,422,15,3.5,neutral,Enjoyable but forgettable.,2024-09-27
93,18,10,3.9,neutral,Worth watching once.,2025-04-27
94,289,4,4.7,positive,Exceeded all my expectations. Watch it now.,2025-03-06
95,413,1,5.0,positive,Exceeded all my expectations. Watch it now.,2025-04-10
96,141,1,4.4,positive,Stunning visuals and great performances.,2025-01-17
97,486,6,3.1,neutral,Worth watching once.,2025-02-03
98,579,15,4.7,positive,One of the best of the decade.,2024-10-02
99,537,11,4.2,positive,One of the best of the decade.,2024-10-24
100,200,1,5.0,positive,Gripping from start to finish. Highly recommended.,2025-02-09
101,322,4,4.6,positive,Stunning visuals and great performances.,2025-03-07
102,411,2,4.2,positive,Absolutely loved it — best film I've seen this year.,2025-04-08
103,169,6,2.5,negative,Disappointed — not what the trailer promised.,2025-02-07
104,1,8,2.3,negative,Comedy fell flat throughout.,2025-04-19
105,326,2,3.4,neutral,Enjoyable but forgettable.,2025-04-08
106,588,5,5.0,positive,Stunning visuals and great performances.,2025-04-17
107,559,1,4.7,positive,Stunning visuals and great performances.,2025-02-23
108,51,2,4.3,positive,Gripping from start to finish. Highly recommended.,2025-04-23
109,523,3,4.2,positive,Absolutely loved it — best film I've seen this year.,2025-03-28
110,292,4,4.7,positive,Absolutely loved it — best film I've seen this year.,2025-03-16
111,408,4,4.1,positive,Exceeded all my expectations. Watch it now.,2025-04-23
112,146,1,4.0,positive,Exceeded all my expectations. Watch it now.,2025-04-19
113,192,11,4.1,positive,Absolutely loved it — best film I've seen this year.,2024-06-19
114,95,12,4.3,positive,Exceeded all my expectations. Watch it now.,2025-04-05
115,199,12,4.3,positive,Stunning visuals and great performances.,2024-12-30
116,430,15,4.2,positive,Gripping from start to finish. Highly recommended.,2025-02-08
117,449,6,2.4,negative,Slow pacing and predictable plot.,2025-03-23
118,238,13,3.2,neutral,Somewhere between good and great.,2025-01-09
119,327,13,3.8,neutral,Worth watching once.,2024-11-15
120,587,3,3.7,neutral,Worth watching once.,2025-03-23
121,439,5,4.5,positive,Exceeded all my expectations. Watch it now.,2025-04-26
122,122,14,2.0,negative,Comedy fell flat throughout.,2024-12-31
123,242,10,3.0,neutral,Worth watching once.,2025-04-08
124,16,13,4.2,positive,Stunning visuals and great performances.,2024-11-08
125,176,3,4.3,positive,Gripping from start to finish. Highly recommended.,2025-04-05
126,336,9,4.5,positive,Gripping from start to finish. Highly recommended.,2025-01-16
127,16,15,4.0,positive,Stunning visuals and great performances.,2025-01-31
128,108,15,3.8,neutral,"Good performances, weak story.",2024-12-27
129,179,7,2.5,negative,Disappointed — not what the trailer promised.,2025-04-15
130,582,1,4.2,positive,Exceeded all my expectations. Watch it now.,2025-03-14
131,548,11,4.7,positive,Stunning visuals and great performances.,2024-10-10
132,555,4,4.3,positive,Stunning visuals and great performances.,2025-04-24
133,39,13,3.9,neutral,"Good performances, weak story.",2024-11-16
134,236,15,4.2,positive,One of the best of the decade.,2025-01-03
135,520,15,3.8,neutral,"Good performances, weak story.",2025-02-27
136,346,1,4.3,positive,One of the best of the decade.,2025-03-21
137,356,6,2.6,negative,Comedy fell flat throughout.,2025-04-18
138,469,6,2.5,negative,Disappointed — not what the trailer promised.,2025-04-26
139,241,9,4.8,positive,One of the best of the decade.,2025-02-25
140,490,4,4.9,positive,Gripping from start to finish. Highly recommended.,2025-04-24
141,463,11,4.1,positive,Stunning visuals and great performances.,2024-12-23
142,66,11,4.1,positive,Exceeded all my expectations. Watch it now.,2025-02-20
143,589,9,3.5,neutral,Worth watching once.,2025-03-10
144,158,5,4.6,positive,Gripping from start to finish. Highly recommended.,2025-04-15
145,40,5,5.0,positive,One of the best of the decade.,2025-04-15
146,1,9,5.0,positive,Exceeded all my expectations. Watch it now.,2025-03-28
147,54,2,3.9,neutral,"Good performances, weak story.",2025-02-11
148,370,9,3.8,neutral,Worth watching once.,2025-02-22
149,40,10,3.6,neutral,"Decent watch, nothing groundbreaking.",2025-04-06
150,555,1,5.0,positive,Gripping from start to finish. Highly recommended.,2025-04-24
151,187,10,4.0,positive,One of the best of the decade.,2025-04-24
152,404,4,4.1,positive,Gripping from start to finish. Highly recommended.,2025-03-03
153,253,3,4.0,positive,Gripping from start to finish. Highly recommended.,2025-04-25
154,276,10,3.5,neutral,Worth watching once.,2025-04-13
155,587,13,4.0,positive,Absolutely loved it — best film I've seen this year.,2025-02-03
156,267,4,5.0,positive,Absolutely loved it — best film I've seen this year.,2025-03-27
157,495,2,4.1,positive,Gripping from start to finish. Highly recommended.,2025-03-23
158,590,3,3.3,neutral,Enjoyable but forgettable.,2025-04-16
159,352,15,4.4,positive,One of the best of the decade.,2025-02-17
160,379,11,4.8,positive,Absolutely loved it — best film I've seen this year.,2024-10-04
161,401,13,3.9,neutral,"Good performances, weak story.",2025-02-09
162,502,1,4.6,positive,One of the best of the decade.,2025-02-17
163,17,15,4.8,positive,One of the best of the decade.,2024-12-06
164,295,11,4.0,positive,Stunning visuals and great performances.,2024-10-04
165,525,1,4.5,positive,One of the best of the decade.,2025-01-24
166,116,14,3.0,neutral,Worth watching once.,2025-03-03
167,342,5,5.0,positive,One of the best of the decade.,2025-04-12
168,39,2,4.2,positive,Absolutely loved it — best film I've seen this year.,2025-03-26
169,465,2,4.0,positive,Absolutely loved it — best film I've seen this year.,2025-03-21
170,208,12,4.8,positive,Absolutely loved it — best film I've seen this year.,2024-10-14
171,430,10,3.2,neutral,Worth watching once.,2025-04-05
172,437,2,4.7,positive,Exceeded all my expectations. Watch it now.,2025-03-20
173,154,1,5.0,positive,Absolutely loved it — best film I've seen this year.,2025-02-20
174,90,15,4.2,positive,Absolutely loved it — best film I've seen this year.,2025-04-01
175,125,3,3.4,neutral,Somewhere between good and great.,2025-04-24
176,62,4,4.5,positive,One of the best of the decade.,2025-03-02
177,241,11,4.6,positive,One of the best of the decade.,2025-03-08
178,357,6,2.4,negative,Comedy fell flat throughout.,2025-02-17
179,439,13,4.2,positive,Exceeded all my expectations. Watch it now.,2024-11-22
180,598,15,4.1,positive,One of the best of the decade.,2024-12-30
181,306,11,3.8,neutral,Enjoyable but forgettable.,2024-08-21
182,346,5,4.7,positive,One of the best of the decade.,2025-04-15
183,348,15,4.6,positive,One of the best of the decade.,2025-01-01
184,325,15,4.1,positive,One of the best of the decade.,2024-11-27
185,122,1,5.0,positive,Absolutely loved it — best film I've seen this year.,2025-04-28
186,341,9,4.7,positive,Absolutely loved it — best film I've seen this year.,2025-01-22
187,160,15,4.4,positive,Stunning visuals and great performances.,2024-12-19
188,238,9,4.0,positive,Absolutely loved it — best film I've seen this year.,2025-02-04
189,119,1,5.0,positive,Stunning visuals and great performances.,2025-02-24
190,6,1,4.1,positive,Stunning visuals and great performances.,2025-02-27
191,436,5,4.0,positive,One of the best of the decade.,2025-04-28
192,103,2,4.0,positive,Stunning visuals and great performances.,2025-03-18
193,396,2,3.6,neutral,Somewhere between good and great.,2025-04-28
194,503,15,4.2,positive,Gripping from start to finish. Highly recommended.,2025-01-20
195,434,15,4.0,positive,Exceeded all my expectations. Watch it now.,2025-02-25
196,300,11,3.3,neutral,Worth watching once.,2024-08-27
197,172,10,4.3,positive,Stunning visuals and great performances.,2025-04-17
198,72,2,4.7,positive,One of the best of the decade.,2025-03-07
199,109,12,4.7,positive,Gripping from start to finish. Highly recommended.,2024-10-07
200,130,12,4.9,positive,Gripping from start to finish. Highly recommended.,2025-01-22
201,313,1,4.7,positive,One of the best of the decade.,2025-01-26
202,9,1,4.7,positive,Absolutely loved it — best film I've seen this year.,2025-03-22
203,567,2,4.1,positive,Exceeded all my expectations. Watch it now.,2025-03-24
204,170,1,4.9,positive,Exceeded all my expectations. Watch it now.,2025-03-07
205,186,5,5.0,positive,Stunning visuals and great performances.,2025-04-20
206,267,4,4.6,positive,Stunning visuals and great performances.,2025-04-26
207,585,9,3.6,neutral,"Decent watch, nothing groundbreaking.",2025-02-15
208,93,1,4.7,positive,One of the best of the decade.,2025-04-29
209,568,11,4.0,positive,Gripping from start to finish. Highly recommended.,2024-08-03
210,563,3,3.5,neutral,Enjoyable but forgettable.,2025-04-19
211,469,15,4.1,positive,Gripping from start to finish. Highly recommended.,2024-11-04
212,223,4,4.2,positive,One of the best of the decade.,2025-04-29
213,334,15,5.0,positive,Gripping from start to finish. Highly recommended.,2024-10-29
214,581,1,4.5,positive,One of the best of the decade.,2025-02-11
215,438,10,4.5,positive,Stunning visuals and great performances.,2025-04-03
216,242,9,3.3,neutral,Somewhere between good and great.,2025-03-16
217,373,1,5.0,positive,Gripping from start to finish. Highly recommended.,2025-04-26
218,554,7,2.4,negative,Slow pacing and predictable plot.,2025-03-30
219,501,6,2.3,negative,Comedy fell flat throughout.,2025-04-01
220,403,2,4.5,positive,Stunning visuals and great performances.,2025-03-11
221,260,15,4.0,positive,One of the best of the decade.,2025-04-10
222,511,15,4.2,positive,One of the best of the decade.,2025-03-17
223,597,10,4.0,positive,Exceeded all my expectations. Watch it now.,2025-03-30
224,179,2,4.5,positive,Exceeded all my expectations. Watch it now.,2025-02-16
225,480,1,4.4,positive,One of the best of the decade.,2025-03-19
226,220,10,4.3,positive,Exceeded all my expectations. Watch it now.,2025-04-19
227,532,1,5.0,positive,Gripping from start to finish. Highly recommended.,2025-01-31
228,101,1,4.4,positive,Gripping from start to finish. Highly recommended.,2025-04-26
229,56,3,3.8,neutral,Somewhere between good and great.,2025-04-03
230,46,1,4.1,positive,Stunning visuals and great performances.,2025-04-22
231,477,6,1.7,negative,Wouldn't recommend.,2025-04-02
232,583,5,4.0,positive,Exceeded all my expectations. Watch it now.,2025-04-16
233,382,9,3.8,neutral,Somewhere between good and great.,2025-02-19
234,548,2,3.5,neutral,Worth watching once.,2025-02-15
235,42,11,4.8,positive,Gripping from start to finish. Highly recommended.,2024-06-20
236,310,2,3.8,neutral,Enjoyable but forgettable.,2025-03-29
237,588,9,4.3,positive,Stunning visuals and great performances.,2025-01-19
238,356,4,3.7,neutral,Enjoyable but forgettable.,2025-03-12
239,96,13,2.9,negative,Disappointed — not what the trailer promised.,2024-12-16
240,172,9,3.6,neutral,Somewhere between good and great.,2025-04-10
241,490,3,4.2,positive,Stunning visuals and great performances.,2025-04-23
242,202,2,4.2,positive,Absolutely loved it — best film I've seen this year.,2025-04-22
243,512,4,4.1,positive,Absolutely loved it — best film I've seen this year.,2025-02-28
244,50,1,4.8,positive,Gripping from start to finish. Highly recommended.,2025-04-18
245,472,1,4.8,positive,Exceeded all my expectations. Watch it now.,2025-03-15
246,143,11,4.4,positive,Absolutely loved it — best film I've seen this year.,2024-08-09
247,116,8,2.3,negative,Comedy fell flat throughout.,2025-04-24
248,186,1,4.5,positive,Absolutely loved it — best film I've seen this year.,2025-01-30
249,352,9,4.2,positive,One of the best of the decade.,2025-04-12
250,255,4,4.4,positive,Gripping from start to finish. Highly recommended.,2025-03-13
251,346,1,4.3,positive,Gripping from start to finish. Highly recommended.,2025-03-24
252,184,1,4.5,positive,Exceeded all my expectations. Watch it now.,2025-04-08
253,107,13,4.0,positive,Gripping from start to finish. Highly recommended.,2025-01-19
254,93,1,4.1,positive,Stunning visuals and great performances.,2025-01-17
255,144,11,4.0,positive,Stunning visuals and great performances.,2024-06-16
256,335,7,2.1,negative,Slow pacing and predictable plot.,2025-03-19
257,199,8,2.2,negative,Expected more from this cast.,2025-04-23
258,68,10,3.9,neutral,"Decent watch, nothing groundbreaking.",2025-04-12
259,598,10,3.5,neutral,Worth watching once.,2025-03-31
260,235,11,4.0,positive,Exceeded all my expectations. Watch it now.,2024-08-11
261,563,1,5.0,positive,Stunning visuals and great performances.,2025-03-25
262,315,3,4.8,positive,Gripping from start to finish. Highly recommended.,2025-04-04
263,160,13,3.7,neutral,"Decent watch, nothing groundbreaking.",2024-12-14
264,56,15,4.5,positive,Exceeded all my expectations. Watch it now.,2024-10-16
265,507,3,4.1,positive,Stunning visuals and great performances.,2025-03-25
266,63,1,4.9,positive,Exceeded all my expectations. Watch it now.,2025-04-17
267,23,10,4.2,positive,Exceeded all my expectations. Watch it now.,2025-04-13
268,289,1,4.9,positive,One of the best of the decade.,2025-04-08
269,163,15,4.6,positive,Absolutely loved it — best film I've seen this year.,2024-11-10
270,293,10,4.0,positive,Absolutely loved it — best film I've seen this year.,2025-04-14
271,416,1,5.0,positive,Exceeded all my expectations. Watch it now.,2025-03-28
272,463,14,2.5,negative,Expected more from this cast.,2024-12-03
273,454,13,3.6,neutral,Somewhere between good and great.,2025-04-30
274,357,11,4.3,positive,Stunning visuals and great performances.,2024-11-04
275,492,4,4.5,positive,Absolutely loved it — best film I've seen this year.,2025-03-03
276,258,12,4.8,positive,Exceeded all my expectations. Watch it now.,2024-12-09
277,122,1,4.8,positive,One of the best of the decade.,2025-01-30
278,28,1,4.7,positive,Exceeded all my expectations. Watch it now.,2025-03-26
279,93,2,3.8,neutral,Worth watching once.,2025-02-28
280,44,4,4.5,positive,One of the best of the decade.,2025-02-15
281,459,5,4.8,positive,Absolutely loved it — best film I've seen this year.,2025-04-09
282,111,8,1.7,negative,Expected more from this cast.,2025-04-29
283,419,1,5.0,positive,Exceeded all my expectations. Watch it now.,2025-01-28
284,474,2,4.3,positive,Gripping from start to finish. Highly recommended.,2025-03-22
285,370,1,5.0,positive,One of the best of the decade.,2025-02-19
286,205,5,4.8,positive,Exceeded all my expectations. Watch it now.,2025-04-10
287,446,1,4.7,positive,Gripping from start to finish. Highly recommended.,2025-02-28
288,541,6,2.5,negative,Expected more from this cast.,2025-03-26
289,31,4,4.1,positive,Gripping from start to finish. Highly recommended.,2025-03-01
290,342,6,2.5,negative,Slow pacing and predictable plot.,2025-04-23
291,161,12,4.6,positive,Exceeded all my expectations. Watch it now.,2025-04-13
292,448,2,3.6,neutral,Worth watching once.,2025-04-04
293,538,12,5.0,positive,Gripping from start to finish. Highly recommended.,2025-03-20
294,487,1,5.0,positive,Absolutely loved it — best film I've seen this year.,2025-01-19
295,103,1,4.7,positive,Stunning visuals and great performances.,2025-02-26
296,26,9,4.4,positive,Absolutely loved it — best film I've seen this year.,2025-04-16
297,479,1,4.3,positive,Absolutely loved it — best film I've seen this year.,2025-02-16
298,269,1,4.9,positive,One of the best of the decade.,2025-02-14
299,577,6,2.5,negative,Expected more from this cast.,2025-04-11
300,256,1,4.6,positive,Absolutely loved it — best film I've seen this year.,2025-02-24
301,514,11,4.7,positive,Absolutely loved it — best film I've seen this year.,2025-04-09
302,509,2,4.2,positive,Exceeded all my expectations. Watch it now.,2025-04-26
303,67,6,2.1,negative,Slow pacing and predictable plot.,2025-03-28
304,124,8,2.3,negative,Comedy fell flat throughout.,2025-04-24
305,392,8,2.3,negative,Disappointed — not what the trailer promised.,2025-04-20
306,294,2,3.9,neutral,"Decent watch, nothing groundbreaking.",2025-04-11
307,179,5,4.6,positive,Stunning visuals and great performances.,2025-04-18
308,528,2,4.4,positive,One of the best of the decade.,2025-04-25
309,457,2,3.9,neutral,"Decent watch, nothing groundbreaking.",2025-02-16
310,271,10,3.7,neutral,Enjoyable but forgettable.,2025-04-26
311,220,13,3.9,neutral,Worth watching once.,2024-11-21
312,554,5,4.5,positive,Gripping from start to finish. Highly recommended.,2025-04-08
313,29,1,4.9,positive,Stunning visuals and great performances.,2025-01-27
314,559,13,3.8,neutral,"Decent watch, nothing groundbreaking.",2025-01-07
315,526,3,3.7,neutral,Somewhere between good and great.,2025-04-23
316,599,13,3.2,neutral,Worth watching once.,2024-12-15
317,23,13,4.1,positive,One of the best of the decade.,2025-03-16
318,297,9,4.2,positive,One of the best of the decade.,2025-01-08
319,409,12,5.0,positive,Stunning visuals and great performances.,2024-11-05
320,165,6,1.5,negative,Disappointed — not what the trailer promised.,2025-03-26
321,239,15,4.7,positive,One of the best of the decade.,2025-01-05
322,383,15,4.0,positive,Exceeded all my expectations. Watch it now.,2024-09-17
323,554,6,2.5,negative,Disappointed — not what the trailer promised.,2025-03-22
324,485,5,4.6,positive,Absolutely loved it — best film I've seen this year.,2025-04-10
325,413,13,3.6,neutral,"Decent watch, nothing groundbreaking.",2025-04-22
326,162,9,4.1,positive,One of the best of the decade.,2025-04-29
327,170,5,4.7,positive,One of the best of the decade.,2025-04-26
328,517,4,4.1,positive,Gripping from start to finish. Highly recommended.,2025-04-14
329,489,10,3.1,neutral,"Decent watch, nothing groundbreaking.",2025-04-16
330,364,1,5.0,positive,Gripping from start to finish. Highly recommended.,2025-04-16
331,595,1,4.8,positive,Exceeded all my expectations. Watch it now.,2025-01-29
332,46,3,3.8,neutral,Worth watching once.,2025-04-26
333,567,9,4.1,positive,One of the best of the decade.,2025-02-02
334,387,3,4.2,positive,Stunning visuals and great performances.,2025-03-28
335,408,11,3.5,neutral,Enjoyable but forgettable.,2024-11-08
336,432,9,4.2,positive,Stunning visuals and great performances.,2025-04-21
337,272,9,3.8,neutral,Somewhere between good and great.,2025-02-28
338,464,1,4.9,positive,One of the best of the decade.,2025-02-23
339,347,1,4.5,positive,Absolutely loved it — best film I've seen this year.,2025-03-05
340,365,1,4.8,positive,One of the best of the decade.,2025-04-22
341,560,2,3.9,neutral,Enjoyable but forgettable.,2025-02-08
342,588,5,4.4,positive,Gripping from start to finish. Highly recommended.,2025-04-13
343,43,6,1.9,negative,Comedy fell flat throughout.,2025-02-14
344,405,15,4.2,positive,Exceeded all my expectations. Watch it now.,2024-10-23
345,590,15,4.3,positive,Absolutely loved it — best film I've seen this year.,2025-01-01
346,65,1,4.3,positive,Absolutely loved it — best film I've seen this year.,2025-02-22
347,255,1,4.9,positive,Stunning visuals and great performances.,2025-04-09
348,168,11,4.2,positive,Gripping from start to finish. Highly recommended.,2025-01-06
349,1,1,4.8,positive,Stunning visuals and great performances.,2025-02-07
350,45,15,4.9,positive,Stunning visuals and great performances.,2024-12-06
351,23,6,2.7,negative,Slow pacing and predictable plot.,2025-03-15
352,286,14,2.7,negative,Expected more from this cast.,2025-01-09
353,326,1,4.8,positive,Absolutely loved it — best film I've seen this year.,2025-02-08
354,281,10,3.9,neutral,"Decent watch, nothing groundbreaking.",2025-04-25
355,496,4,5.0,positive,Absolutely loved it — best film I've seen this year.,2025-04-21
356,265,1,5.0,positive,One of the best of the decade.,2025-03-24
357,555,7,2.5,negative,Disappointed — not what the trailer promised.,2025-04-04
358,565,4,4.4,positive,Gripping from start to finish. Highly recommended.,2025-02-26
359,108,2,3.7,neutral,Enjoyable but forgettable.,2025-03-21
360,404,9,4.1,positive,Exceeded all my expectations. Watch it now.,2025-02-07
361,255,6,2.0,negative,Wouldn't recommend.,2025-03-19
362,563,10,3.5,neutral,Worth watching once.,2025-04-18
363,93,15,4.0,positive,Stunning visuals and great performances.,2024-12-11
364,322,7,2.8,negative,Disappointed — not what the trailer promised.,2025-03-17
365,185,1,5.0,positive,Absolutely loved it — best film I've seen this year.,2025-04-12
366,370,11,4.6,positive,Gripping from start to finish. Highly recommended.,2024-12-24
367,486,13,3.9,neutral,"Decent watch, nothing groundbreaking.",2025-02-24
368,64,9,4.1,positive,Gripping from start to finish. Highly recommended.,2025-04-21
369,405,8,2.3,negative,Slow pacing and predictable plot.,2025-04-24
370,421,3,3.4,neutral,Enjoyable but forgettable.,2025-03-28
371,58,5,4.6,positive,Exceeded all my expectations. Watch it now.,2025-04-20
372,26,1,5.0,positive,One of the best of the decade.,2025-04-08
373,544,9,3.9,neutral,Somewhere between good and great.,2025-02-06
374,301,2,4.3,positive,Exceeded all my expectations. Watch it now.,2025-03-28
375,571,9,3.9,neutral,Somewhere between good and great.,2025-03-01
376,421,4,5.0,positive,Absolutely loved it — best film I've seen this year.,2025-03-27
377,319,11,4.2,positive,Stunning visuals and great performances.,2025-01-14
378,502,13,3.8,neutral,Worth watching once.,2025-02-03
379,316,6,2.8,negative,Expected more from this cast.,2025-02-25
380,519,2,4.2,positive,One of the best of the decade.,2025-02-11
381,265,4,4.4,positive,Exceeded all my expectations. Watch it now.,2025-04-03
382,189,11,4.9,positive,Exceeded all my expectations. Watch it now.,2024-12-01
383,343,10,4.2,positive,One of the best of the decade.,2025-04-21
384,55,2,4.2,positive,Absolutely loved it — best film I've seen this year.,2025-04-03
385,302,1,4.8,positive,Gripping from start to finish. Highly recommended.,2025-04-22
386,439,11,4.4,positive,Exceeded all my expectations. Watch it now.,2025-02-09
387,69,3,4.1,positive,Exceeded all my expectations. Watch it now.,2025-03-23
388,182,1,5.0,positive,Stunning visuals and great performances.,2025-04-15
389,516,15,5.0,positive,Stunning visuals and great performances.,2025-01-29
390,398,11,4.7,positive,Absolutely loved it — best film I've seen this year.,2024-06-15
391,486,11,4.3,positive,One of the best of the decade.,2025-03-03
392,493,15,4.3,positive,Exceeded all my expectations. Watch it now.,2025-02-05
393,367,1,4.9,positive,Exceeded all my expectations. Watch it now.,2025-04-25
394,280,13,3.5,neutral,Worth watching once.,2024-12-12
395,169,15,4.0,positive,Exceeded all my expectations. Watch it now.,2024-10-04
396,114,1,4.9,positive,Gripping from start to finish. Highly recommended.,2025-01-21
397,491,2,4.1,positive,Stunning visuals and great performances.,2025-03-09
398,396,4,5.0,positive,One of the best of the decade.,2025-02-20
399,173,4,4.0,positive,Stunning visuals and great performances.,2025-03-19
400,180,15,4.9,positive,Stunning visuals and great performances.,2024-10-17
401,516,1,4.1,positive,Stunning visuals and great performances.,2025-02-16
402,275,3,3.7,neutral,"Decent watch, nothing groundbreaking.",2025-03-24
403,377,9,3.7,neutral,"Good performances, weak story.",2025-03-29
404,150,4,4.5,positive,Gripping from start to finish. Highly recommended.,2025-02-23
405,459,1,4.9,positive,Stunning visuals and great performances.,2025-04-23
406,504,6,2.3,negative,Wouldn't recommend.,2025-02-07
407,212,4,4.7,positive,Gripping from start to finish. Highly recommended.,2025-03-23
408,171,9,3.8,neutral,Worth watching once.,2025-01-26
409,389,1,5.0,positive,Gripping from start to finish. Highly recommended.,2025-04-29
410,487,1,4.3,positive,Stunning visuals and great performances.,2025-04-16
411,69,1,4.0,positive,One of the best of the decade.,2025-04-25
412,253,3,3.7,neutral,"Decent watch, nothing groundbreaking.",2025-04-07
413,236,3,3.8,neutral,"Good performances, weak story.",2025-04-25
414,149,5,4.5,positive,Stunning visuals and great performances.,2025-04-24
415,313,13,3.6,neutral,"Decent watch, nothing groundbreaking.",2024-11-17
416,107,13,4.0,positive,One of the best of the decade.,2024-11-25
417,294,10,3.4,neutral,Somewhere between good and great.,2025-04-03
418,354,13,4.0,positive,Gripping from start to finish. Highly recommended.,2025-01-18
419,268,2,5.0,positive,Stunning visuals and great performances.,2025-04-03
420,545,1,4.2,positive,Gripping from start to finish. Highly recommended.,2025-04-29
421,223,6,2.3,negative,Comedy fell flat throughout.,2025-04-28
422,110,11,4.3,positive,Absolutely loved it — best film I've seen this year.,2024-11-23
423,468,2,3.9,neutral,Somewhere between good and great.,2025-04-14
424,552,9,3.9,neutral,Worth watching once.,2025-04-17
425,541,9,3.0,neutral,Somewhere between good and great.,2025-04-14
426,63,1,4.1,positive,Stunning visuals and great performances.,2025-02-24
427,108,5,4.4,positive,Stunning visuals and great performances.,2025-04-19
428,260,9,3.3,neutral,Worth watching once.,2025-02-03
429,554,1,5.0,positive,Exceeded all my expectations. Watch it now.,2025-04-15
430,275,2,4.4,positive,Gripping from start to finish. Highly recommended.,2025-03-06
431,167,12,4.2,positive,One of the best of the decade.,2024-10-19
432,106,2,3.7,neutral,Enjoyable but forgettable.,2025-02-22
433,402,15,4.0,positive,Gripping from start to finish. Highly recommended.,2025-04-28
434,177,7,2.2,negative,Wouldn't recommend.,2025-04-11
435,218,14,2.4,negative,Slow pacing and predictable plot.,2024-07-14
436,120,1,4.2,positive,Absolutely loved it — best film I've seen this year.,2025-02-07
437,535,2,4.2,positive,Exceeded all my expectations. Watch it now.,2025-04-08
438,118,4,4.4,positive,Absolutely loved it — best film I've seen this year.,2025-02-17
439,572,5,4.2,positive,Exceeded all my expectations. Watch it now.,2025-04-27
440,12,3,3.5,neutral,Somewhere between good and great.,2025-03-27
441,96,12,4.6,positive,Stunning visuals and great performances.,2024-09-04
442,241,14,2.9,negative,Wouldn't recommend.,2024-09-26
443,88,14,2.2,negative,Wouldn't recommend.,2025-01-17
444,495,11,3.7,neutral,"Good performances, weak story.",2025-01-13
445,142,11,4.3,positive,Gripping from start to finish. Highly recommended.,2024-11-20
446,324,3,3.4,neutral,"Decent watch, nothing groundbreaking.",2025-03-24
447,469,1,4.6,positive,Exceeded all my expectations. Watch it now.,2025-02-07
448,286,1,3.4,neutral,"Good performances, weak story.",2025-04-20
449,21,7,2.5,negative,Disappointed — not what the trailer promised.,2025-04-06
450,400,4,4.5,positive,Exceeded all my expectations. Watch it now.,2025-03-20
451,380,1,5.0,positive,Stunning visuals and great performances.,2025-01-26
452,231,10,3.8,neutral,"Good performances, weak story.",2025-03-30
453,276,12,4.3,positive,One of the best of the decade.,2024-12-18
454,16,1,4.7,positive,Stunning visuals and great performances.,2025-04-23
455,208,6,2.5,negative,Expected more from this cast.,2025-04-08
456,548,1,5.0,positive,One of the best of the decade.,2025-03-28
457,16,9,4.3,positive,One of the best of the decade.,2025-02-03
458,572,6,2.9,negative,Wouldn't recommend.,2025-04-04
459,497,13,3.3,neutral,Somewhere between good and great.,2024-11-26
460,380,3,3.7,neutral,Somewhere between good and great.,2025-04-18
461,466,2,3.9,neutral,Worth watching once.,2025-02-10
462,243,9,4.0,positive,Gripping from start to finish. Highly recommended.,2025-01-07
463,368,15,4.9,positive,Exceeded all my expectations. Watch it now.,2025-04-20
464,535,15,4.9,positive,One of the best of the decade.,2025-02-05
465,81,12,4.5,positive,One of the best of the decade.,2025-03-26
466,586,1,4.8,positive,Stunning visuals and great performances.,2025-02-01
467,523,15,4.4,positive,Stunning visuals and great performances.,2024-10-15
468,468,4,4.0,positive,Stunning visuals and great performances.,2025-02-25
469,190,9,4.2,positive,Absolutely loved it — best film I've seen this year.,2025-01-17
470,565,6,2.7,negative,Slow pacing and predictable plot.,2025-03-04
471,142,1,4.6,positive,Exceeded all my expectations. Watch it now.,2025-02-18
472,145,1,4.3,positive,One of the best of the decade.,2025-03-17
473,271,3,3.5,neutral,"Good performances, weak story.",2025-04-08
474,108,14,2.3,negative,Wouldn't recommend.,2024-10-25
475,47,9,3.5,neutral,"Good performances, weak story.",2025-03-01
476,130,11,4.7,positive,Absolutely loved it — best film I've seen this year.,2025-04-03
477,1,1,4.9,positive,One of the best of the decade.,2025-01-17
478,51,15,4.0,positive,Absolutely loved it — best film I've seen this year.,2025-02-23
479,420,4,5.0,positive,Stunning visuals and great performances.,2025-02-20
480,217,4,4.0,positive,Gripping from start to finish. Highly recommended.,2025-03-21
481,167,13,3.5,neutral,Somewhere between good and great.,2025-04-13
482,287,3,3.9,neutral,"Decent watch, nothing groundbreaking.",2025-03-25
483,530,1,3.7,neutral,Enjoyable but forgettable.,2025-02-04
484,464,9,3.9,neutral,Enjoyable but forgettable.,2025-01-16
485,556,1,4.4,positive,Stunning visuals and great performances.,2025-01-15
486,61,5,4.8,positive,Stunning visuals and great performances.,2025-04-22
487,119,9,4.0,positive,One of the best of the decade.,2025-02-21
488,183,15,4.2,positive,Exceeded all my expectations. Watch it now.,2025-04-29
489,323,12,5.0,positive,Gripping from start to finish. Highly recommended.,2024-12-07
490,45,1,4.6,positive,Stunning visuals and great performances.,2025-02-13
491,584,15,4.6,positive,Gripping from start to finish. Highly recommended.,2024-11-05
492,474,1,4.4,positive,Absolutely loved it — best film I've seen this year.,2025-04-28
493,496,4,4.4,positive,Stunning visuals and great performances.,2025-02-25
494,588,13,3.8,neutral,"Good performances, weak story.",2025-03-31
495,145,10,3.7,neutral,Somewhere between good and great.,2025-04-28
496,569,4,4.1,positive,One of the best of the decade.,2025-03-13
497,264,13,3.5,neutral,"Good performances, weak story.",2025-03-08
498,424,11,4.3,positive,Absolutely loved it — best film I've seen this year.,2025-04-27
499,486,11,4.0,positive,Gripping from start to finish. Highly recommended.,2024-11-18
500,85,12,4.5,positive,Gripping from start to finish. Highly recommended.,2025-04-07
501,341,11,4.2,positive,Absolutely loved it — best film I've seen this year.,2024-08-29
502,575,3,3.8,neutral,Somewhere between good and great.,2025-04-16
503,304,2,4.3,positive,Gripping from start to finish. Highly recommended.,2025-03-26
504,537,4,4.8,positive,Gripping from start to finish. Highly recommended.,2025-03-29
505,416,13,4.0,positive,Stunning visuals and great performances.,2025-03-27
506,440,4,4.8,positive,Exceeded all my expectations. Watch it now.,2025-03-10
507,258,7,2.7,negative,Expected more from this cast.,2025-04-13
508,561,5,5.0,positive,Stunning visuals and great performances.,2025-04-10
509,306,3,4.0,positive,Exceeded all my expectations. Watch it now.,2025-03-30
510,339,6,3.3,neutral,"Good performances, weak story.",2025-02-03
511,52,4,4.1,positive,Exceeded all my expectations. Watch it now.,2025-04-01
512,344,4,4.5,positive,Stunning visuals and great performances.,2025-02-24
513,188,3,3.7,neutral,"Decent watch, nothing groundbreaking.",2025-04-29
514,342,1,4.9,positive,Stunning visuals and great performances.,2025-01-28
515,29,1,4.5,positive,One of the best of the decade.,2025-01-28
516,103,13,3.5,neutral,"Decent watch, nothing groundbreaking.",2024-12-03
517,20,4,4.0,positive,Gripping from start to finish. Highly recommended.,2025-03-28
518,456,12,4.5,positive,Exceeded all my expectations. Watch it now.,2024-09-02
519,416,9,4.3,positive,One of the best of the decade.,2025-02-21
520,323,14,3.0,neutral,"Good performances, weak story.",2025-04-23
521,85,15,3.7,neutral,Enjoyable but forgettable.,2024-10-31
522,322,4,3.1,neutral,Somewhere between good and great.,2025-03-31
523,428,13,3.9,neutral,"Decent watch, nothing groundbreaking.",2024-11-28
524,346,3,4.0,positive,Gripping from start to finish. Highly recommended.,2025-04-02
525,266,14,2.1,negative,Comedy fell flat throughout.,2025-03-21
526,348,13,4.3,positive,Absolutely loved it — best film I've seen this year.,2025-02-28
527,454,2,4.5,positive,Gripping from start to finish. Highly recommended.,2025-02-24
528,564,4,4.3,positive,Absolutely loved it — best film I've seen this year.,2025-03-31
529,29,10,3.5,neutral,Enjoyable but forgettable.,2025-04-03
530,403,1,4.5,positive,Stunning visuals and great performances.,2025-04-11
531,13,9,4.7,positive,Gripping from start to finish. Highly recommended.,2025-04-03
532,122,13,3.6,neutral,"Decent watch, nothing groundbreaking.",2025-01-18
533,439,3,4.7,positive,Absolutely loved it — best film I've seen this year.,2025-04-23
534,292,9,3.7,neutral,"Decent watch, nothing groundbreaking.",2025-01-14
535,227,6,1.8,negative,Expected more from this cast.,2025-04-16
536,179,9,3.4,neutral,Somewhere between good and great.,2025-02-19
537,581,3,3.9,neutral,"Good performances, weak story.",2025-03-31
538,398,1,3.8,neutral,"Decent watch, nothing groundbreaking.",2025-01-19
539,592,1,5.0,positive,Absolutely loved it — best film I've seen this year.,2025-04-07
540,585,1,4.6,positive,Exceeded all my expectations. Watch it now.,2025-04-30
541,450,6,2.8,negative,Comedy fell flat throughout.,2025-03-02
542,248,1,4.9,positive,Exceeded all my expectations. Watch it now.,2025-03-20
543,224,2,3.8,neutral,Enjoyable but forgettable.,2025-04-21
544,315,13,3.1,neutral,Somewhere between good and great.,2025-02-11
545,470,13,4.1,positive,Exceeded all my expectations. Watch it now.,2024-12-18
546,9,3,4.0,positive,Gripping from start to finish. Highly recommended.,2025-04-01
547,218,9,4.1,positive,Exceeded all my expectations. Watch it now.,2025-02-14
548,401,2,4.0,positive,Gripping from start to finish. Highly recommended.,2025-03-16
549,63,1,4.5,positive,Gripping from start to finish. Highly recommended.,2025-04-09
550,154,15,4.2,positive,Gripping from start to finish. Highly recommended.,2025-04-05
551,16,2,4.0,positive,Absolutely loved it — best film I've seen this year.,2025-04-22
552,432,1,4.9,positive,Absolutely loved it — best film I've seen this year.,2025-03-01
553,570,2,3.4,neutral,Worth watching once.,2025-04-14
554,15,2,3.3,neutral,Enjoyable but forgettable.,2025-02-22
555,140,1,4.5,positive,One of the best of the decade.,2025-01-15
556,343,2,4.3,positive,Exceeded all my expectations. Watch it now.,2025-03-22
557,557,11,4.7,positive,Exceeded all my expectations. Watch it now.,2024-11-24
558,191,13,3.7,neutral,"Decent watch, nothing groundbreaking.",2024-12-21
559,172,8,2.0,negative,Comedy fell flat throughout.,2025-04-18
560,247,2,3.9,neutral,Worth watching once.,2025-03-02
561,379,11,4.4,positive,Stunning visuals and great performances.,2025-03-05
562,262,2,4.0,positive,Exceeded all my expectations. Watch it now.,2025-04-08
563,456,13,3.6,neutral,"Decent watch, nothing groundbreaking.",2024-12-01
564,166,11,4.0,positive,Gripping from start to finish. Highly recommended.,2025-03-20
565,173,1,4.9,positive,Absolutely loved it — best film I've seen this year.,2025-04-07
566,176,11,4.8,positive,Absolutely loved it — best film I've seen this year.,2024-12-09
567,587,14,2.3,negative,Comedy fell flat throughout.,2024-05-03
568,580,9,4.0,positive,Absolutely loved it — best film I've seen this year.,2025-03-01
569,549,1,5.0,positive,Stunning visuals and great performances.,2025-02-26
570,84,6,2.7,negative,Wouldn't recommend.,2025-03-09
571,172,7,1.6,negative,Disappointed — not what the trailer promised.,2025-04-03
572,46,6,2.6,negative,Disappointed — not what the trailer promised.,2025-03-12
573,222,14,1.8,negative,Disappointed — not what the trailer promised.,2025-02-05
574,159,15,4.4,positive,One of the best of the decade.,2025-02-10
575,340,5,4.8,positive,Stunning visuals and great performances.,2025-04-06
576,527,9,4.4,positive,Gripping from start to finish. Highly recommended.,2025-01-26
577,182,10,3.8,neutral,Somewhere between good and great.,2025-04-12
578,550,9,4.0,positive,Gripping from start to finish. Highly recommended.,2025-03-26
579,160,14,2.7,negative,Disappointed — not what the trailer promised.,2024-09-07
580,286,1,4.7,positive,Exceeded all my expectations. Watch it now.,2025-02-19
581,538,9,3.9,neutral,"Decent watch, nothing groundbreaking.",2025-01-13
582,369,4,3.5,neutral,Somewhere between good and great.,2025-03-11
583,14,10,3.5,neutral,Enjoyable but forgettable.,2025-04-01
584,52,9,3.4,neutral,"Good performances, weak story.",2025-04-06
585,450,9,4.0,positive,Exceeded all my expectations. Watch it now.,2025-02-19
586,131,13,3.9,neutral,"Decent watch, nothing groundbreaking.",2025-01-09
587,134,3,4.2,positive,One of the best of the decade.,2025-03-27
588,49,4,5.0,positive,Exceeded all my expectations. Watch it now.,2025-03-18
589,59,4,5.0,positive,Stunning visuals and great performances.,2025-03-15
590,451,15,4.3,positive,Exceeded all my expectations. Watch it now.,2025-01-10
591,551,3,4.0,positive,Gripping from start to finish. Highly recommended.,2025-03-30
592,24,11,4.1,positive,Gripping from start to finish. Highly recommended.,2025-04-14
593,76,1,4.4,positive,Exceeded all my expectations. Watch it now.,2025-02-22
594,42,3,3.2,neutral,Enjoyable but forgettable.,2025-04-28
595,30,10,3.6,neutral,"Good performances, weak story.",2025-04-14
596,555,13,3.7,neutral,"Good performances, weak story.",2024-11-25
597,84,9,3.8,neutral,Enjoyable but forgettable.,2025-01-20
598,15,4,4.5,positive,One of the best of the decade.,2025-02-21
599,428,3,3.5,neutral,Worth watching once.,2025-04-20
600,42,15,4.2,positive,Exceeded all my expectations. Watch it now.,2024-11-13
601,525,10,4.0,positive,Exceeded all my expectations. Watch it now.,2025-04-22
602,311,3,3.8,neutral,Somewhere between good and great.,2025-04-09
603,38,11,4.3,positive,Exceeded all my expectations. Watch it now.,2025-01-18
604,202,3,3.6,neutral,"Good performances, weak story.",2025-04-29
605,353,11,4.1,positive,Absolutely loved it — best film I've seen this year.,2024-11-13
606,386,9,3.5,neutral,Enjoyable but forgettable.,2025-03-04
607,445,2,4.3,positive,Absolutely loved it — best film I've seen this year.,2025-02-19
608,151,2,3.8,neutral,"Good performances, weak story.",2025-03-07
609,352,11,3.7,neutral,Somewhere between good and great.,2024-11-23
610,155,2,3.3,neutral,"Decent watch, nothing groundbreaking.",2025-04-14
611,547,13,3.0,neutral,Worth watching once.,2025-04-09
612,101,15,3.5,neutral,Somewhere between good and great.,2024-12-28
613,87,1,4.7,positive,One of the best of the decade.,2025-03-29
614,270,9,4.3,positive,Gripping from start to finish. Highly recommended.,2025-01-30
615,289,6,2.7,negative,Comedy fell flat throughout.,2025-02-20
616,59,13,2.9,negative,Expected more from this cast.,2025-03-24
617,36,2,4.1,positive,Gripping from start to finish. Highly recommended.,2025-02-17
618,375,1,5.0,positive,One of the best of the decade.,2025-03-19
619,379,4,4.0,positive,Exceeded all my expectations. Watch it now.,2025-04-04
620,578,14,3.0,neutral,"Good performances, weak story.",2025-01-11
621,275,3,3.4,neutral,"Good performances, weak story.",2025-04-03
622,246,3,4.1,positive,Exceeded all my expectations. Watch it now.,2025-04-14
623,396,7,2.9,negative,Wouldn't recommend.,2025-04-28
624,66,5,4.6,positive,Exceeded all my expectations. Watch it now.,2025-04-11
625,293,14,2.7,negative,Expected more from this cast.,2024-05-12
626,9,6,2.6,negative,Wouldn't recommend.,2025-03-11
627,314,14,3.3,neutral,Somewhere between good and great.,2024-06-14
628,190,12,4.2,positive,Exceeded all my expectations. Watch it now.,2025-01-19
629,391,1,4.8,positive,Exceeded all my expectations. Watch it now.,2025-02-22
630,187,13,3.3,neutral,"Decent watch, nothing groundbreaking.",2025-01-08
631,246,1,4.9,positive,Stunning visuals and great performances.,2025-04-24
632,122,10,3.6,neutral,"Good performances, weak story.",2025-04-10
633,272,3,4.2,positive,One of the best of the decade.,2025-04-28
634,162,2,4.0,positive,Exceeded all my expectations. Watch it now.,2025-02-22
635,58,2,4.0,positive,Exceeded all my expectations. Watch it now.,2025-04-21
636,469,4,4.7,positive,Gripping from start to finish. Highly recommended.,2025-02-27
637,547,15,4.3,positive,Absolutely loved it — best film I've seen this year.,2025-01-19
638,365,15,4.2,positive,Gripping from start to finish. Highly recommended.,2024-10-21
639,458,15,4.9,positive,Absolutely loved it — best film I've seen this year.,2025-02-04
640,161,2,4.4,positive,Gripping from start to finish. Highly recommended.,2025-03-26
641,181,12,4.1,positive,Exceeded all my expectations. Watch it now.,2025-04-04
642,472,14,2.0,negative,Expected more from this cast.,2024-09-14
643,50,13,3.3,neutral,"Decent watch, nothing groundbreaking.",2025-03-15
644,168,2,3.6,neutral,"Decent watch, nothing groundbreaking.",2025-04-16
645,152,4,4.0,positive,Gripping from start to finish. Highly recommended.,2025-04-11
646,136,4,5.0,positive,One of the best of the decade.,2025-04-10
647,480,4,4.3,positive,Absolutely loved it — best film I've seen this year.,2025-02-28
648,64,2,4.3,positive,Absolutely loved it — best film I've seen this year.,2025-04-29
649,550,10,4.1,positive,Absolutely loved it — best film I've seen this year.,2025-03-31
650,377,14,1.8,negative,Expected more from this cast.,2025-03-29
651,156,5,4.7,positive,Exceeded all my expectations. Watch it now.,2025-04-26
652,132,1,4.7,positive,Absolutely loved it — best film I've seen this year.,2025-02-23
653,200,2,3.3,neutral,"Decent watch, nothing groundbreaking.",2025-04-03
654,309,1,4.9,positive,Gripping from start to finish. Highly recommended.,2025-03-29
655,408,9,4.6,positive,One of the best of the decade.,2025-04-18
656,89,9,4.6,positive,Exceeded all my expectations. Watch it now.,2025-01-26
657,355,14,2.6,negative,Expected more from this cast.,2025-04-29
658,401,1,5.0,positive,Gripping from start to finish. Highly recommended.,2025-04-17
659,497,1,4.4,positive,Gripping from start to finish. Highly recommended.,2025-02-28
660,383,1,4.3,positive,One of the best of the decade.,2025-03-01
661,241,12,4.9,positive,Gripping from start to finish. Highly recommended.,2024-10-02
662,454,1,4.2,positive,Gripping from start to finish. Highly recommended.,2025-04-14
663,179,9,4.4,positive,Absolutely loved it — best film I've seen this year.,2025-02-10
664,486,3,3.6,neutral,Enjoyable but forgettable.,2025-04-13
665,520,2,4.2,positive,Stunning visuals and great performances.,2025-02-12
666,94,4,4.8,positive,Absolutely loved it — best film I've seen this year.,2025-04-25
667,510,15,4.5,positive,Absolutely loved it — best film I've seen this year.,2025-03-29
668,163,5,4.7,positive,Gripping from start to finish. Highly recommended.,2025-04-17
669,406,1,4.9,positive,Absolutely loved it — best film I've seen this year.,2025-03-01
670,567,9,4.0,positive,Gripping from start to finish. Highly recommended.,2025-04-29
671,188,15,4.1,positive,Absolutely loved it — best film I've seen this year.,2025-04-22
672,446,5,4.1,positive,Stunning visuals and great performances.,2025-04-22
673,333,13,3.8,neutral,Worth watching once.,2025-01-14
674,215,1,4.3,positive,Gripping from start to finish. Highly recommended.,2025-04-13
675,521,15,4.4,positive,Absolutely loved it — best film I've seen this year.,2025-02-24
676,300,1,4.9,positive,Stunning visuals and great performances.,2025-02-03
677,580,3,4.7,positive,Gripping from start to finish. Highly recommended.,2025-04-02
678,363,2,4.1,positive,Exceeded all my expectations. Watch it now.,2025-02-15
679,346,3,4.1,positive,Gripping from start to finish. Highly recommended.,2025-04-14
680,399,9,3.5,neutral,Enjoyable but forgettable.,2025-04-21
681,251,13,3.8,neutral,"Decent watch, nothing groundbreaking.",2025-04-22
682,57,1,4.3,positive,Stunning visuals and great performances.,2025-03-06
683,242,9,3.8,neutral,"Decent watch, nothing groundbreaking.",2025-03-08
684,235,9,4.0,positive,One of the best of the decade.,2025-02-13
685,14,11,4.0,positive,Absolutely loved it — best film I've seen this year.,2024-10-02
686,179,11,3.9,neutral,Worth watching once.,2024-07-11
687,585,5,4.5,positive,Exceeded all my expectations. Watch it now.,2025-04-26
688,65,3,4.3,positive,Stunning visuals and great performances.,2025-04-08
689,583,11,4.5,positive,Absolutely loved it — best film I've seen this year.,2024-09-09
690,69,15,4.4,positive,Stunning visuals and great performances.,2024-10-07
691,580,4,4.4,positive,Stunning visuals and great performances.,2025-03-28
692,18,4,4.2,positive,One of the best of the decade.,2025-02-25
693,329,7,1.8,negative,Comedy fell flat throughout.,2025-04-14
694,190,5,5.0,positive,Absolutely loved it — best film I've seen this year.,2025-04-20
695,173,11,4.2,positive,Exceeded all my expectations. Watch it now.,2024-09-01
696,73,9,3.9,neutral,Somewhere between good and great.,2025-04-25
697,92,9,4.5,positive,Gripping from start to finish. Highly recommended.,2025-02-13
698,207,1,5.0,positive,One of the best of the decade.,2025-02-15
699,414,11,3.3,neutral,Worth watching once.,2025-03-11
700,465,7,3.0,neutral,Worth watching once.,2025-03-12
701,169,7,2.3,negative,Comedy fell flat throughout.,2025-04-10
702,237,13,3.7,neutral,"Decent watch, nothing groundbreaking.",2025-04-11
703,399,15,4.5,positive,Absolutely loved it — best film I've seen this year.,2025-01-10
704,591,15,4.7,positive,One of the best of the decade.,2025-01-29
705,243,9,3.8,neutral,Enjoyable but forgettable.,2025-03-26
706,317,9,3.7,neutral,Enjoyable but forgettable.,2025-01-19
707,317,8,2.0,negative,Slow pacing and predictable plot.,2025-04-18
708,593,15,4.0,positive,Stunning visuals and great performances.,2024-10-31
709,71,2,4.2,positive,Stunning visuals and great performances.,2025-02-11
710,498,11,4.4,positive,Exceeded all my expectations. Watch it now.,2024-10-29
711,291,15,3.9,neutral,Worth watching once.,2024-09-16
712,2,10,3.6,neutral,Enjoyable but forgettable.,2025-04-25
713,558,15,4.0,positive,Exceeded all my expectations. Watch it now.,2025-01-20
714,587,4,4.5,positive,Exceeded all my expectations. Watch it now.,2025-04-30
715,430,4,4.1,positive,Gripping from start to finish. Highly recommended.,2025-04-04
716,437,13,4.6,positive,Absolutely loved it — best film I've seen this year.,2025-01-12
717,362,13,4.1,positive,Stunning visuals and great performances.,2025-01-03
718,39,4,4.5,positive,One of the best of the decade.,2025-04-04
719,476,15,3.8,neutral,Worth watching once.,2024-10-05
720,580,1,4.5,positive,Stunning visuals and great performances.,2025-02-01
721,51,7,2.3,negative,Expected more from this cast.,2025-04-16
722,9,4,4.6,positive,Gripping from start to finish. Highly recommended.,2025-04-02
723,424,3,4.0,positive,Gripping from start to finish. Highly recommended.,2025-04-18
724,81,2,4.3,positive,Stunning visuals and great performances.,2025-04-27
725,584,2,3.3,neutral,"Good performances, weak story.",2025-04-27
726,289,4,4.3,positive,Exceeded all my expectations. Watch it now.,2025-04-10
727,300,2,4.8,positive,Gripping from start to finish. Highly recommended.,2025-03-19
728,75,10,3.7,neutral,"Good performances, weak story.",2025-04-06
729,249,4,4.9,positive,Stunning visuals and great performances.,2025-03-21
730,292,7,2.4,negative,Slow pacing and predictable plot.,2025-04-15
731,539,13,3.9,neutral,Somewhere between good and great.,2024-12-21
732,49,1,4.5,positive,One of the best of the decade.,2025-02-26
733,224,5,5.0,positive,One of the best of the decade.,2025-04-26
734,535,12,5.0,positive,One of the best of the decade.,2025-03-27
735,9,15,4.5,positive,One of the best of the decade.,2025-01-07
736,178,1,4.8,positive,Absolutely loved it — best film I've seen this year.,2025-03-17
737,532,11,3.9,neutral,"Good performances, weak story.",2024-09-18
738,423,2,4.1,positive,Stunning visuals and great performances.,2025-03-23
739,129,4,3.7,neutral,"Decent watch, nothing groundbreaking.",2025-03-17
740,310,1,4.3,positive,Stunning visuals and great performances.,2025-03-28
741,152,4,4.1,positive,One of the best of the decade.,2025-03-14
742,29,7,3.5,neutral,Enjoyable but forgettable.,2025-04-26
743,209,13,4.2,positive,Exceeded all my expectations. Watch it now.,2025-02-01
744,365,13,4.1,positive,One of the best of the decade.,2025-04-09
745,483,3,3.7,neutral,"Decent watch, nothing groundbreaking.",2025-04-26
746,81,15,4.6,positive,One of the best of the decade.,2025-02-18
747,566,2,4.7,positive,Stunning visuals and great performances.,2025-03-04
748,336,2,4.4,positive,Exceeded all my expectations. Watch it now.,2025-03-29
749,564,2,4.9,positive,Stunning visuals and great performances.,2025-02-14
750,304,13,4.1,positive,Gripping from start to finish. Highly recommended.,2024-12-26
751,139,12,4.8,positive,Absolutely loved it — best film I've seen this year.,2025-03-27
752,318,2,4.6,positive,Exceeded all my expectations. Watch it now.,2025-03-17
753,20,2,3.6,neutral,"Good performances, weak story.",2025-03-09
754,594,9,4.3,positive,Exceeded all my expectations. Watch it now.,2025-03-10
755,554,10,3.5,neutral,"Decent watch, nothing groundbreaking.",2025-04-01
756,322,6,1.9,negative,Slow pacing and predictable plot.,2025-04-10
757,52,13,3.3,neutral,Enjoyable but forgettable.,2025-04-24
758,499,1,5.0,positive,Exceeded all my expectations. Watch it now.,2025-02-20
759,310,1,4.6,positive,Gripping from start to finish. Highly recommended.,2025-02-24
760,234,1,5.0,positive,One of the best of the decade.,2025-04-26
761,166,11,4.1,positive,One of the best of the decade.,2025-04-20
762,433,15,4.4,positive,Exceeded all my expectations. Watch it now.,2024-12-10
763,164,2,4.1,positive,Gripping from start to finish. Highly recommended.,2025-03-05
764,157,1,4.1,positive,One of the best of the decade.,2025-04-26
765,411,2,4.2,positive,One of the best of the decade.,2025-02-21
766,11,2,4.3,positive,Gripping from start to finish. Highly recommended.,2025-02-10
767,70,2,4.1,positive,Absolutely loved it — best film I've seen this year.,2025-04-03
768,374,11,4.6,positive,Absolutely loved it — best film I've seen this year.,2025-01-22
769,356,13,4.0,positive,Stunning visuals and great performances.,2025-01-10
770,59,13,4.1,positive,Gripping from start to finish. Highly recommended.,2025-01-18
771,178,9,4.0,positive,Gripping from start to finish. Highly recommended.,2025-04-09
772,265,7,2.8,negative,Comedy fell flat throughout.,2025-03-20
773,135,2,4.2,positive,Absolutely loved it — best film I've seen this year.,2025-02-24
774,470,6,3.0,neutral,"Decent watch, nothing groundbreaking.",2025-04-12
775,17,12,4.8,positive,Absolutely loved it — best film I've seen this year.,2024-12-14
776,168,10,2.9,negative,Slow pacing and predictable plot.,2025-04-17
777,424,1,4.4,positive,Stunning visuals and great performances.,2025-04-09
778,474,13,4.0,positive,Absolutely loved it — best film I've seen this year.,2025-03-09
779,267,9,3.9,neutral,Worth watching once.,2025-01-18
780,188,9,3.7,neutral,"Good performances, weak story.",2025-01-11
781,452,3,3.7,neutral,Enjoyable but forgettable.,2025-04-21
782,348,9,3.8,neutral,Somewhere between good and great.,2025-04-26
783,42,15,4.4,positive,One of the best of the decade.,2025-04-03
784,395,9,4.3,positive,Exceeded all my expectations. Watch it now.,2025-04-12
785,151,6,2.2,negative,Slow pacing and predictable plot.,2025-03-31
786,193,2,3.2,neutral,Worth watching once.,2025-04-22
787,134,11,4.4,positive,Absolutely loved it — best film I've seen this year.,2024-07-26
788,123,15,4.4,positive,One of the best of the decade.,2025-01-10
789,567,15,4.9,positive,Exceeded all my expectations. Watch it now.,2025-04-09
790,52,14,2.7,negative,Disappointed — not what the trailer promised.,2024-12-19
791,37,13,4.0,positive,Gripping from start to finish. Highly recommended.,2025-04-10
792,107,1,4.4,positive,One of the best of the decade.,2025-04-04
793,326,9,3.9,neutral,"Decent watch, nothing groundbreaking.",2025-03-09
794,180,1,4.5,positive,Gripping from start to finish. Highly recommended.,2025-03-19
795,571,15,4.3,positive,Exceeded all my expectations. Watch it now.,2024-10-31
796,370,1,4.4,positive,Stunning visuals and great performances.,2025-02-03
797,329,1,4.4,positive,Stunning visuals and great performances.,2025-03-31
798,392,13,4.0,positive,Gripping from start to finish. Highly recommended.,2024-12-27
799,201,10,4.3,positive,Gripping from start to finish. Highly recommended.,2025-04-17
800,454,2,4.1,positive,Absolutely loved it — best film I've seen this year.,2025-03-19
801,595,5,4.1,positive,Stunning visuals and great performances.,2025-04-05
802,22,2,4.0,positive,Gripping from start to finish. Highly recommended.,2025-02-09
803,520,13,3.4,neutral,"Good performances, weak story.",2024-11-26
804,321,9,3.7,neutral,Enjoyable but forgettable.,2025-04-15
805,187,9,3.4,neutral,Worth watching once.,2025-02-28
806,215,9,4.0,positive,Gripping from start to finish. Highly recommended.,2025-04-27
807,190,8,2.2,negative,Comedy fell flat throughout.,2025-04-25
808,175,5,4.9,positive,Gripping from start to finish. Highly recommended.,2025-04-16
809,409,7,2.8,negative,Expected more from this cast.,2025-04-13
810,138,1,4.7,positive,Absolutely loved it — best film I've seen this year.,2025-04-08
811,293,3,3.9,neutral,"Decent watch, nothing groundbreaking.",2025-03-26
812,421,3,3.7,neutral,Enjoyable but forgettable.,2025-03-24
813,596,1,4.4,positive,Exceeded all my expectations. Watch it now.,2025-02-13
814,475,4,5.0,positive,Gripping from start to finish. Highly recommended.,2025-04-07
815,185,1,4.5,positive,Absolutely loved it — best film I've seen this year.,2025-03-11
816,344,3,3.7,neutral,"Good performances, weak story.",2025-04-30
817,100,5,4.3,positive,Gripping from start to finish. Highly recommended.,2025-04-11
818,229,10,3.4,neutral,Somewhere between good and great.,2025-04-01
819,230,1,4.0,positive,Gripping from start to finish. Highly recommended.,2025-01-23
820,86,12,4.2,positive,Gripping from start to finish. Highly recommended.,2025-03-25
821,79,1,4.9,positive,Stunning visuals and great performances.,2025-04-20
822,116,2,4.0,positive,Stunning visuals and great performances.,2025-04-17
823,512,1,4.3,positive,Exceeded all my expectations. Watch it now.,2025-02-22
824,107,13,3.9,neutral,Somewhere between good and great.,2024-12-06
825,399,6,2.4,negative,Expected more from this cast.,2025-03-08
826,1,11,4.7,positive,Absolutely loved it — best film I've seen this year.,2024-12-27
827,510,1,5.0,positive,Exceeded all my expectations. Watch it now.,2025-04-06
828,251,5,4.2,positive,Stunning visuals and great performances.,2025-04-21
829,412,3,3.9,neutral,"Good performances, weak story.",2025-04-16
830,122,10,3.4,neutral,Somewhere between good and great.,2025-04-26
831,115,10,3.9,neutral,Somewhere between good and great.,2025-04-08
832,447,10,4.4,positive,Gripping from start to finish. Highly recommended.,2025-04-10
833,66,1,4.8,positive,Absolutely loved it — best film I've seen this year.,2025-02-20
834,260,1,5.0,positive,One of the best of the decade.,2025-02-11
835,524,11,4.7,positive,One of the best of the decade.,2024-08-08
836,458,1,5.0,positive,Gripping from start to finish. Highly recommended.,2025-04-30
837,285,11,3.7,neutral,Somewhere between good and great.,2025-03-08
838,165,1,4.4,positive,One of the best of the decade.,2025-04-14
839,225,2,4.1,positive,Exceeded all my expectations. Watch it now.,2025-04-03
840,173,4,4.3,positive,Absolutely loved it — best film I've seen this year.,2025-02-21
841,553,1,5.0,positive,Stunning visuals and great performances.,2025-02-08
842,194,6,2.1,negative,Disappointed — not what the trailer promised.,2025-01-28
843,277,3,4.6,positive,Gripping from start to finish. Highly recommended.,2025-04-24
844,564,13,3.9,neutral,"Decent watch, nothing groundbreaking.",2025-02-06
845,176,6,2.6,negative,Wouldn't recommend.,2025-04-16
846,462,1,5.0,positive,Exceeded all my expectations. Watch it now.,2025-03-24
847,447,10,4.0,positive,Gripping from start to finish. Highly recommended.,2025-04-13
848,570,1,5.0,positive,Gripping from start to finish. Highly recommended.,2025-03-20
849,209,9,3.5,neutral,Enjoyable but forgettable.,2025-04-19
850,86,5,5.0,positive,One of the best of the decade.,2025-04-15
851,413,9,4.8,positive,Gripping from start to finish. Highly recommended.,2025-02-24
852,254,4,3.7,neutral,Worth watching once.,2025-04-25
853,77,3,3.9,neutral,Enjoyable but forgettable.,2025-03-31
854,161,9,4.0,positive,Gripping from start to finish. Highly recommended.,2025-04-30
855,554,2,4.0,positive,One of the best of the decade.,2025-03-08
856,192,3,3.8,neutral,Worth watching once.,2025-04-29
857,21,10,4.2,positive,Exceeded all my expectations. Watch it now.,2025-04-29
858,98,5,4.8,positive,Absolutely loved it — best film I've seen this year.,2025-04-18
859,172,11,4.1,positive,Absolutely loved it — best film I've seen this year.,2025-03-14
860,273,5,3.9,neutral,Enjoyable but forgettable.,2025-04-29
861,420,1,5.0,positive,Absolutely loved it — best film I've seen this year.,2025-03-14
862,114,14,2.9,negative,Expected more from this cast.,2025-02-28
863,555,4,4.7,positive,Stunning visuals and great performances.,2025-03-30
864,183,9,3.5,neutral,"Decent watch, nothing groundbreaking.",2025-04-06
865,378,12,4.7,positive,Exceeded all my expectations. Watch it now.,2025-01-03
866,175,3,4.2,positive,One of the best of the decade.,2025-04-13
867,210,7,2.9,negative,Expected more from this cast.,2025-04-18
868,580,5,4.8,positive,Gripping from start to finish. Highly recommended.,2025-04-15
869,10,3,3.4,neutral,Worth watching once.,2025-04-10
870,594,13,3.3,neutral,Somewhere between good and great.,2024-11-13
871,422,4,4.2,positive,Exceeded all my expectations. Watch it now.,2025-04-30
872,312,15,4.1,positive,Absolutely loved it — best film I've seen this year.,2025-03-29
873,576,4,4.1,positive,Absolutely loved it — best film I've seen this year.,2025-04-25
874,469,11,3.9,neutral,"Good performances, weak story.",2025-02-21
875,585,2,3.8,neutral,"Good performances, weak story.",2025-03-31
876,522,2,4.5,positive,Gripping from start to finish. Highly recommended.,2025-04-26
877,474,11,4.3,positive,Gripping from start to finish. Highly recommended.,2024-11-06
878,532,12,4.3,positive,Stunning visuals and great performances.,2024-10-11
879,110,4,3.8,neutral,Worth watching once.,2025-03-23
880,547,11,3.8,neutral,"Decent watch, nothing groundbreaking.",2024-10-25
881,528,2,4.6,positive,Exceeded all my expectations. Watch it now.,2025-02-09
882,176,3,3.9,neutral,"Decent watch, nothing groundbreaking.",2025-03-24
883,407,1,5.0,positive,Exceeded all my expectations. Watch it now.,2025-02-21
884,63,6,2.7,negative,Disappointed — not what the trailer promised.,2025-04-07
885,533,2,3.8,neutral,"Decent watch, nothing groundbreaking.",2025-03-08
886,553,1,4.6,positive,One of the best of the decade.,2025-03-27
887,495,2,4.0,positive,Stunning visuals and great performances.,2025-04-18
888,486,6,2.3,negative,Expected more from this cast.,2025-02-10
889,15,6,1.7,negative,Slow pacing and predictable plot.,2025-03-26
890,14,11,4.6,positive,Absolutely loved it — best film I've seen this year.,2024-06-12
891,413,2,3.8,neutral,"Decent watch, nothing groundbreaking.",2025-04-24
892,365,13,3.1,neutral,Enjoyable but forgettable.,2024-11-12
893,100,14,2.9,negative,Wouldn't recommend.,2024-09-11
894,197,11,4.1,positive,Exceeded all my expectations. Watch it now.,2025-03-16
895,460,9,4.3,positive,One of the best of the decade.,2025-01-11
896,492,5,4.4,positive,Absolutely loved it — best film I've seen this year.,2025-04-25
897,36,1,4.3,positive,Absolutely loved it — best film I've seen this year.,2025-01-29
898,209,9,4.1,positive,Exceeded all my expectations. Watch it now.,2025-02-21
899,303,13,3.9,neutral,"Good performances, weak story.",2025-01-11
900,45,1,4.9,positive,Exceeded all my expectations. Watch it now.,2025-03-17
