viewer_id,region,subscription_tier,join_date
7f4cd4ab,APAC,Premium,2024-07-07
4b910f12,APAC,Basic,2025-06-18
6db166e0,NA,Basic,2025-02-17
ad7fa55e,LATAM,Premium,2025-08-08
03d6b35f,NA,Basic,2024-04-23
c7d82949,EU,Ultra,2024-02-03
c57a0573,NA,Basic,2025-09-21
fb25bcf2,EU,Ultra,2023-11-23
67e4efc6,APAC,Basic,2025-07-06
b90c3661,NA,Basic,2023-09-12
3a0762ef,EU,Basic,2024-09-19
f0bef088,EU,Basic,2025-02-17
2747d348,APAC,Basic,2025-01-22
5dc01344,NA,Basic,2026-04-07
b84648b8,NA,Basic,2024-04-10
1a00ccce,EU,Ultra,2023-10-21
b958982f,EU,Ultra,2023-10-27
fbc9f737,NA,Premium,2026-04-01
c8e07a90,APAC,Premium,2024-05-20
8e6350ee,EU,Premium,2024-10-11
d041e26b,LATAM,Basic,2025-03-28
c55dd298,EU,Basic,2024-10-01
e6f72542,LATAM,Basic,2026-04-28
a4c31c23,EU,Premium,2025-08-17
d13c5a10,EU,Premium,2025-10-04
16ad8187,LATAM,Basic,2023-09-10
cce2250c,APAC,Basic,2026-02-02
3fed5699,EU,Premium,2025-11-17
0cc2e87f,NA,Basic,2025-01-15
d659b327,NA,Basic,2025-06-09
6db44cf4,NA,Ultra,2026-02-25
4719e83a,EU,Premium,2026-04-11
f96d87c9,EU,Premium,2024-03-03
d0f3f481,NA,Premium,2026-03-05
07c5daa6,EU,Ultra,2025-11-19
f42e90f4,APAC,Basic,2026-04-08
00cad276,APAC,Premium,2024-10-08
a70f9f9c,LATAM,Premium,2025-02-04
e34f3735,LATAM,Premium,2025-04-14
f9b0c6cc,EU,Premium,2023-08-25
8d2823bc,EU,Basic,2025-11-13
b42f8232,NA,Premium,2025-06-15
a4d9d09e,APAC,Premium,2026-01-13
49ab3b1c,EU,Basic,2025-01-06
57b3ea7b,LATAM,Basic,2024-08-27
b03edc62,NA,Basic,2025-03-17
e06eac4b,APAC,Premium,2026-01-26
12fdfa2f,LATAM,Premium,2026-02-01
9734602c,APAC,Basic,2025-09-17
5be8cef1,APAC,Basic,2025-05-16
98e8afa1,NA,Premium,2023-10-12
477b8bdd,EU,Ultra,2024-04-19
764ab81c,LATAM,Ultra,2025-02-03
865266cf,EU,Premium,2023-10-24
76402793,APAC,Basic,2024-07-04
4e240b97,LATAM,Basic,2023-11-04
edb3d5eb,APAC,Premium,2024-12-11
d80e38e1,APAC,Basic,2023-11-02
7117b467,NA,Basic,2024-05-03
e1593017,NA,Basic,2025-08-11
d0c3ed35,NA,Basic,2024-05-29
4ea1b3a0,LATAM,Basic,2025-08-04
04ad0d0f,NA,Premium,2026-04-28
7b3b7736,EU,Ultra,2025-08-17
24a7d864,EU,Premium,2024-06-04
3a276c9c,EU,Basic,2024-09-20
ff57363c,NA,Basic,2025-07-13
0a3d57cc,NA,Premium,2025-06-11
c900018a,EU,Ultra,2024-05-28
e6b3124d,NA,Ultra,2025-07-26
9038366f,APAC,Basic,2025-12-14
e5e6cbbd,APAC,Premium,2025-09-04
a4364fa2,EU,Premium,2026-02-07
11b6254a,EU,Basic,2024-11-11
fd352f26,EU,Premium,2024-06-05
3c0db0e6,APAC,Basic,2025-07-31
3dcaa167,LATAM,Ultra,2024-12-19
d19a65d6,NA,Basic,2024-10-27
1112de48,EU,Basic,2024-04-24
6346dcac,APAC,Basic,2025-10-30
ab8da239,NA,Basic,2025-05-30
a093d8b9,NA,Ultra,2025-09-27
4bdeee78,LATAM,Premium,2023-08-14
0b8893f4,LATAM,Ultra,2024-01-23
af5be116,NA,Basic,2023-08-27
52d0f82b,NA,Basic,2023-10-16
0e615474,LATAM,Premium,2023-09-30
3036f5e6,EU,Basic,2024-10-05
d1d019b1,LATAM,Basic,2023-12-27
927e7d6d,NA,Basic,2026-03-24
909a0f5a,LATAM,Premium,2025-03-24
5081f9a2,LATAM,Basic,2023-10-02
6f96093c,NA,Basic,2024-04-16
fbac169e,APAC,Basic,2025-11-28
4ca5acb4,APAC,Basic,2025-01-09
e20de57c,LATAM,Premium,2025-12-13
6cefe854,APAC,Premium,2024-08-07
3eb77067,APAC,Basic,2023-08-15
1afa8905,EU,Basic,2025-09-01
0870f2e6,APAC,Premium,2026-03-31
8f28d098,LATAM,Basic,2024-09-27
fa5ded10,LATAM,Basic,2024-10-08
d4522ef9,LATAM,Premium,2025-03-29
e2231197,NA,Premium,2026-03-17
451a27f1,LATAM,Premium,2025-04-11
e90479d7,LATAM,Basic,2025-10-19
f3b92804,APAC,Basic,2023-12-04
483b4f51,APAC,Premium,2026-01-24
e1240b5a,APAC,Ultra,2025-10-15
cf053cf1,NA,Basic,2024-05-21
b56bf78c,EU,Ultra,2025-09-01
8bc0c149,APAC,Premium,2025-01-01
3c31ff06,LATAM,Basic,2025-05-11
6bb91a7c,LATAM,Premium,2026-01-01
530145fc,APAC,Basic,2025-06-16
1cceca62,APAC,Ultra,2023-11-06
bdac5a22,LATAM,Premium,2024-04-10
10f77c48,NA,Basic,2024-07-08
4781029c,APAC,Premium,2024-06-22
5f783cb5,APAC,Ultra,2024-05-08
f4fd9631,EU,Basic,2024-06-30
c5543f65,LATAM,Premium,2024-10-31
3f5d69e4,LATAM,Basic,2024-06-08
d5127b26,LATAM,Premium,2024-03-21
5b2933b5,NA,Basic,2025-02-22
39103111,EU,Basic,2025-11-09
9a54d921,LATAM,Basic,2024-05-25
1396332c,APAC,Ultra,2025-10-26
260c4796,APAC,Premium,2024-10-09
1c4b7133,EU,Basic,2025-08-30
556767eb,LATAM,Premium,2023-09-11
d38eb47c,APAC,Premium,2025-12-23
d2ed42fb,EU,Ultra,2024-03-26
7e76aa0a,EU,Basic,2025-11-02
2f745cd6,LATAM,Premium,2024-05-31
a20cb0ab,EU,Premium,2023-08-17
b5cca60e,APAC,Basic,2025-08-03
08b7c21c,LATAM,Premium,2024-03-04
32b65c0a,NA,Basic,2024-07-02
1246bd77,LATAM,Premium,2024-03-04
209558d1,APAC,Basic,2024-04-07
a7c53ca8,LATAM,Premium,2026-04-10
d772bcae,LATAM,Ultra,2024-06-29
e6e7b53e,EU,Premium,2026-02-11
24fd73c9,NA,Premium,2025-11-17
67550102,NA,Ultra,2024-12-24
80e6f295,NA,Premium,2024-05-01
0f05f67e,EU,Ultra,2024-08-14
83fba06d,LATAM,Premium,2024-04-29
fd083130,LATAM,Premium,2023-11-19
fa2cd9a2,LATAM,Basic,2026-01-11
9bdd88c8,NA,Premium,2024-08-19
ec37d8c4,EU,Basic,2025-07-16
c1327afc,NA,Basic,2026-03-02
0ea6c0f0,APAC,Basic,2026-03-15
df38721d,LATAM,Basic,2024-12-28
02cedb2e,LATAM,Basic,2025-07-23
8fe9f9bb,EU,Ultra,2023-08-29
16d43a64,NA,Premium,2023-08-31
9b0de0bb,EU,Ultra,2024-09-22
b1a39ec0,LATAM,Basic,2024-05-13
a9942f1f,EU,Basic,2024-08-24
2d03e8a9,LATAM,Premium,2026-04-07
8c7ae108,APAC,Basic,2024-09-26
9803e24e,APAC,Basic,2023-08-28
70dc3ff3,APAC,Basic,2025-11-05
f124eb83,EU,Premium,2023-08-31
14eb690c,APAC,Premium,2023-10-13
78420c22,EU,Premium,2025-02-27
fcc92abd,APAC,Basic,2024-12-26
a4e6fc74,NA,Premium,2024-12-14
8c4830ae,LATAM,Basic,2024-09-04
5b3b895d,APAC,Basic,2024-07-05
c323a1a7,APAC,Basic,2025-02-17
adcee3d5,EU,Premium,2024-06-20
9666a58f,NA,Basic,2024-04-22
fa27f564,APAC,Premium,2025-09-09
3dbce92b,LATAM,Basic,2025-01-04
48672e79,NA,Basic,2025-12-11
f819ab5f,APAC,Basic,2025-01-22
69327d05,APAC,Ultra,2025-11-20
74ad343b,LATAM,Basic,2025-02-24
619094e0,EU,Basic,2025-01-24
2a50e0dd,EU,Ultra,2024-04-23
38c038d1,LATAM,Basic,2024-11-22
7d2b849b,NA,Premium,2024-11-14
8d384ca8,LATAM,Premium,2024-11-13
4fb06f27,NA,Ultra,2024-03-30
46bb3e7e,NA,Premium,2026-02-20
479ffa3e,NA,Basic,2025-06-06
77e989bb,EU,Basic,2025-04-25
2b955f24,APAC,Basic,2024-02-19
13b6c053,EU,Basic,2024-03-17
141da225,APAC,Premium,2025-12-30
bde9422d,NA,Basic,2024-02-09
df06c3a5,APAC,Ultra,2025-09-21
64e07007,EU,Basic,2023-10-27
0f2853c7,APAC,Premium,2023-10-25
32a13a3f,EU,Basic,2024-07-30
74939a65,LATAM,Premium,2025-02-11
8d061b6c,EU,Basic,2024-05-01
9c112c48,EU,Ultra,2026-04-25
49fc252e,EU,Basic,2026-04-13
a9111c66,LATAM,Basic,2025-01-20
4c8f6b65,LATAM,Basic,2026-02-13
ed16bfeb,NA,Basic,2023-09-01
ac7f118e,APAC,Basic,2025-09-23
63c5bbb0,EU,Ultra,2023-12-04
63d4be7d,APAC,Basic,2024-03-02
c11c86de,EU,Basic,2023-12-23
394ef11f,NA,Ultra,2025-06-10
e78dad38,LATAM,Premium,2024-04-14
c6693208,LATAM,Basic,2025-07-22
6a3c36dc,APAC,Premium,2024-09-23
6bea5ec8,LATAM,Basic,2025-08-23
152dc3c5,EU,Basic,2025-04-26
7833194c,EU,Ultra,2024-09-20
077c4350,LATAM,Basic,2025-05-22
2db5b1fb,APAC,Basic,2024-05-25
f1937411,LATAM,Premium,2023-09-26
5580d7c8,APAC,Premium,2024-05-28
1d8a5e01,APAC,Ultra,2023-12-08
2f9ec5eb,NA,Premium,2025-05-01
c646231f,LATAM,Premium,2025-04-11
07e6032d,EU,Basic,2025-03-28
01622120,NA,Premium,2025-04-16
27960e57,LATAM,Basic,2024-02-23
edc33aa1,EU,Premium,2024-08-05
f6011f25,APAC,Premium,2024-06-08
ed2c02d1,LATAM,Ultra,2024-05-28
b8a0ce15,APAC,Premium,2023-10-02
0a6635ab,EU,Basic,2025-05-22
b3f8533d,LATAM,Basic,2025-08-08
ad28f97c,LATAM,Ultra,2024-09-06
99b55d73,APAC,Ultra,2025-07-31
f0c98b27,LATAM,Basic,2026-01-24
1009dcf4,APAC,Basic,2025-06-08
74d907aa,NA,Ultra,2025-12-10
09047736,NA,Premium,2023-08-25
f99d01f1,APAC,Basic,2025-08-16
2270c4ff,EU,Basic,2023-11-30
8b9a508f,APAC,Premium,2023-09-24
f4bffe8a,NA,Ultra,2024-01-13
500f3691,LATAM,Basic,2024-06-29
4bc6a5ac,APAC,Ultra,2023-08-26
d25a61c0,APAC,Premium,2025-11-06
72c74a4b,EU,Premium,2024-07-29
dfeb1d2a,EU,Ultra,2024-08-22
8ca8afd2,APAC,Premium,2025-11-03
e45d2f29,LATAM,Basic,2025-08-07
ae2cf1a9,EU,Basic,2025-03-27
91ef1e7c,APAC,Ultra,2023-08-17
7e6758c5,LATAM,Basic,2024-11-07
da408785,EU,Basic,2025-08-06
103ef358,APAC,Basic,2024-05-21
3e732816,LATAM,Basic,2025-12-05
7e27f6a9,APAC,Basic,2024-04-10
00617309,NA,Basic,2026-04-10
596acd09,EU,Premium,2023-12-13
856c084f,NA,Basic,2024-01-30
c94a09d3,LATAM,Ultra,2026-01-17
d6ed36a6,NA,Basic,2024-02-17
b45a084a,NA,Basic,2024-07-27
4b5fe5da,NA,Premium,2024-03-01
09059780,APAC,Ultra,2026-04-19
55fa1045,LATAM,Ultra,2025-08-22
24dfc992,NA,Premium,2023-10-21
5b091e66,NA,Basic,2023-12-17
2b506204,NA,Ultra,2024-08-21
78e7eea2,EU,Premium,2025-02-04
07333309,LATAM,Ultra,2024-09-22
64b8f385,NA,Basic,2025-07-03
dae778c5,EU,Basic,2024-05-08
f7b6f41d,EU,Premium,2026-04-24
15a14efe,NA,Basic,2023-09-14
4cf52f82,LATAM,Basic,2025-11-13
54eaf07c,EU,Premium,2025-08-27
013f905b,APAC,Basic,2025-05-31
97226fce,LATAM,Basic,2025-03-06
0e7dd225,EU,Premium,2024-01-20
09611ea8,EU,Basic,2025-12-16
b31f77dd,EU,Basic,2025-07-22
b1299d53,NA,Ultra,2024-01-22
799ea102,LATAM,Basic,2023-09-18
3c2c7a58,LATAM,Basic,2025-03-31
65bca1bf,LATAM,Basic,2024-03-13
1454d258,NA,Basic,2024-02-13
732f6271,EU,Basic,2023-10-16
720b48bc,EU,Basic,2024-10-08
2d6618a4,APAC,Premium,2026-04-01
0e896601,NA,Basic,2024-03-20
97a78b64,LATAM,Basic,2025-09-15
8a13bff4,LATAM,Basic,2024-07-07
5e7e152c,EU,Basic,2024-10-18
89785916,LATAM,Basic,2024-09-07
24c027b2,NA,Ultra,2026-04-19
68394372,EU,Basic,2024-01-20
359ac6da,LATAM,Premium,2024-10-23
1c1f30f5,EU,Basic,2024-01-13
cb9d9e2d,APAC,Ultra,2025-11-12
b26bb738,LATAM,Basic,2024-12-24
df96a273,LATAM,Premium,2025-04-24
c869bc5b,APAC,Premium,2024-02-29
2e81ccb9,NA,Basic,2025-02-03
6f94e5d7,EU,Basic,2024-04-27
5c51f042,LATAM,Basic,2025-01-04
cd876ff5,LATAM,Basic,2025-05-26
950438d5,LATAM,Basic,2023-11-27
bea6306d,LATAM,Basic,2024-10-05
cf5c32d3,EU,Premium,2025-03-06
3712e11b,LATAM,Basic,2025-07-19
eb080014,EU,Basic,2024-09-16
dd09c93a,APAC,Premium,2024-07-11
d00954ab,NA,Basic,2024-01-09
c24abcca,APAC,Premium,2023-11-09
f97d86a3,NA,Basic,2025-12-27
469440ef,LATAM,Premium,2025-09-10
025e4aac,EU,Basic,2024-09-30
5fc9f746,LATAM,Ultra,2025-08-05
16adafba,EU,Basic,2024-09-28
1fe688f3,APAC,Ultra,2024-10-31
107bdb49,EU,Premium,2025-05-06
9e8eb628,APAC,Premium,2024-11-06
a830a3fc,LATAM,Basic,2026-02-18
753a6f4d,APAC,Basic,2023-12-21
023990b3,LATAM,Premium,2023-09-10
3ef366cc,NA,Basic,2025-10-12
df2726d6,NA,Basic,2025-12-07
666f9a2a,NA,Basic,2025-10-16
8c41522b,NA,Premium,2025-02-17
ed26719a,APAC,Premium,2023-09-14
d428714a,NA,Premium,2023-11-06
a923f5cf,APAC,Basic,2024-09-29
01cfc0db,NA,Premium,2023-12-23
7bcd0149,EU,Ultra,2024-10-18
a163ea49,APAC,Basic,2024-11-26
19ed533f,APAC,Basic,2025-07-18
731bf53e,LATAM,Basic,2025-07-07
ede2aa1e,LATAM,Premium,2024-01-12
e4510554,APAC,Basic,2025-08-10
47167916,LATAM,Premium,2025-10-13
b30442e5,APAC,Premium,2025-03-03
b4e794e4,APAC,Basic,2023-10-31
93e1270f,LATAM,Premium,2023-12-26
e205c520,EU,Basic,2024-12-05
922e64ca,LATAM,Basic,2025-12-06
c6630202,LATAM,Basic,2025-04-14
0d2645ef,LATAM,Premium,2025-09-06
2e8ec710,NA,Premium,2023-12-22
c990a755,EU,Premium,2026-02-24
031f470c,EU,Basic,2023-12-15
17010f08,NA,Premium,2023-10-01
ba20a7c6,APAC,Basic,2025-04-12
cf53d7c0,EU,Basic,2024-05-29
5ed598e6,APAC,Basic,2025-06-28
8de7bd15,LATAM,Premium,2023-09-26
1d989f25,EU,Basic,2024-05-01
dfbdedf1,EU,Premium,2026-04-27
1c846626,APAC,Premium,2025-09-17
3384d281,NA,Ultra,2025-11-03
f5276030,NA,Premium,2025-12-19
49a6d715,APAC,Basic,2024-06-11
87c3e8b2,NA,Basic,2023-09-01
291b7b27,LATAM,Basic,2026-04-25
2bdfe9d8,NA,Premium,2025-08-13
3cc57653,EU,Premium,2024-04-12
bb4dab28,APAC,Basic,2024-07-05
497293ab,APAC,Premium,2023-10-06
08ea9c3d,LATAM,Basic,2025-08-05
0b88ba4e,APAC,Premium,2026-02-25
267553d5,NA,Ultra,2025-06-06
7a95eb37,NA,Ultra,2025-02-16
a21764d3,EU,Premium,2025-04-02
7471ae82,APAC,Premium,2024-06-03
91286cb0,APAC,Basic,2024-08-27
e0bff36a,NA,Basic,2024-05-17
c955e92c,APAC,Basic,2023-12-09
12128cc5,NA,Premium,2024-03-30
542e43c2,EU,Basic,2025-08-29
7e0e06ce,EU,Premium,2025-08-13
21acfa5b,LATAM,Basic,2025-04-21
ad7ceb0a,LATAM,Premium,2024-03-02
e5e788a7,NA,Premium,2025-02-06
390ad3de,APAC,Basic,2024-04-25
9e43fe70,APAC,Basic,2024-04-21
6ed76f2c,EU,Premium,2024-12-22
086acbc1,NA,Basic,2024-11-20
b1a9d0d3,APAC,Basic,2025-10-16
d1dc7836,EU,Basic,2024-04-19
adf71193,LATAM,Premium,2025-06-17
d8e44d59,APAC,Premium,2024-08-09
90539f6e,LATAM,Ultra,2025-05-06
e9d73d1e,APAC,Ultra,2025-09-13
ced435d7,APAC,Premium,2024-10-15
61789e2e,NA,Basic,2024-12-18
6c1556e6,APAC,Premium,2024-12-25
91b3551e,NA,Basic,2025-11-27
753080ee,LATAM,Premium,2025-09-14
986479e0,NA,Premium,2024-06-01
74533496,APAC,Premium,2024-09-24
03dc256c,NA,Premium,2024-12-13
59ced072,APAC,Basic,2026-03-21
8fd8d09d,APAC,Basic,2023-08-24
56266fbe,NA,Premium,2025-01-11
8a632b60,LATAM,Premium,2025-01-22
62b04f67,APAC,Premium,2024-11-17
412105f2,LATAM,Ultra,2024-05-16
83c271df,APAC,Premium,2024-10-17
51dbfc48,LATAM,Basic,2026-02-12
84093db4,APAC,Premium,2026-01-06
c185bac5,EU,Premium,2024-12-26
12404338,NA,Basic,2025-10-10
c36c598b,EU,Basic,2024-12-22
a2c2f07c,LATAM,Basic,2024-12-04
33d025ec,EU,Basic,2025-02-19
4e32e1a9,EU,Premium,2024-09-13
b1381f81,EU,Premium,2024-03-08
e72224bf,EU,Basic,2024-06-02
89869543,NA,Basic,2024-09-21
0be8e9e6,APAC,Premium,2026-01-11
8cc6e198,LATAM,Premium,2025-08-17
9ff217b1,EU,Basic,2026-02-03
ad8199c3,LATAM,Ultra,2025-01-15
218ac474,APAC,Basic,2025-04-26
0544101e,NA,Basic,2024-03-10
1358ad00,NA,Premium,2024-10-03
9390eeab,APAC,Premium,2026-02-01
225d7551,NA,Premium,2024-08-26
7c0548f2,LATAM,Ultra,2026-02-13
dbf6dd16,EU,Premium,2026-01-31
90895184,NA,Basic,2024-10-26
dd353fca,EU,Basic,2023-10-22
cdbb10a6,LATAM,Basic,2024-11-18
e3775397,NA,Basic,2025-10-23
263daac5,APAC,Basic,2026-01-14
5e21b9f5,LATAM,Basic,2026-01-12
0cb4b7d2,EU,Basic,2024-08-20
57fb9699,APAC,Basic,2023-08-31
b1c3cddf,EU,Ultra,2024-05-31
26e2c9ee,EU,Premium,2024-08-12
d5256b7e,LATAM,Basic,2025-10-29
27fbaa73,EU,Premium,2025-05-09
f3bd1e67,APAC,Ultra,2024-04-25
f3672c01,NA,Basic,2024-10-19
7fc8ea70,LATAM,Basic,2025-06-25
cc45c4c7,LATAM,Basic,2025-11-03
09034a5a,LATAM,Ultra,2024-03-10
ddbb5c5d,NA,Basic,2025-10-29
daf08763,LATAM,Basic,2025-01-02
e5a763bd,LATAM,Ultra,2025-08-25
58fa64f7,APAC,Premium,2023-08-20
a42a8e98,NA,Basic,2026-01-26
ae5769e5,NA,Premium,2024-12-02
cf53c202,EU,Premium,2025-10-16
bb84c656,LATAM,Basic,2024-01-29
80e7d167,APAC,Basic,2023-11-12
be891c17,EU,Basic,2023-09-10
636599e8,APAC,Basic,2024-02-21
8f7e9460,LATAM,Basic,2025-06-27
e4df3262,LATAM,Premium,2024-04-27
ce099de9,LATAM,Basic,2026-01-19
2961f63d,EU,Premium,2026-02-08
0c02e0ef,NA,Premium,2026-03-26
99a1955c,NA,Basic,2023-12-05
61e2478a,APAC,Basic,2023-09-20
0f3a7463,EU,Basic,2024-04-05
fc4b8d27,NA,Basic,2023-12-07
4f146224,LATAM,Ultra,2023-10-13
3be77758,EU,Basic,2026-02-11
2d0feb43,LATAM,Basic,2025-11-26
aeb1c960,APAC,Premium,2024-03-14
bc41091b,NA,Premium,2024-12-03
6960cbd4,EU,Basic,2025-09-04
917335a6,LATAM,Basic,2025-10-21
178c6d49,NA,Ultra,2024-10-27
1c948e85,LATAM,Basic,2025-09-18
69f047d5,NA,Premium,2024-09-16
70f54d4a,APAC,Premium,2026-03-01
c532f5de,NA,Basic,2025-02-19
c1f96f43,NA,Basic,2024-12-06
3deff6b1,EU,Premium,2024-03-20
9cebab69,APAC,Basic,2024-01-10
bf2c63d9,APAC,Premium,2025-01-23
7d0044cd,NA,Premium,2024-06-20
1b5e0312,EU,Premium,2024-07-16
6060126c,EU,Basic,2023-11-13
7d27d932,NA,Ultra,2025-06-10
f6602e24,NA,Premium,2026-04-13
e823e007,EU,Ultra,2025-01-18
b840c490,APAC,Premium,2024-07-21
ddcc169b,NA,Premium,2025-05-31
7477bc2a,APAC,Basic,2025-03-22
b89765cd,EU,Premium,2024-09-05
ed8684ac,LATAM,Ultra,2026-04-01
556566d2,EU,Basic,2026-04-01
aeaee3cb,APAC,Basic,2023-12-13
33704af8,NA,Basic,2026-01-23
e9539bee,LATAM,Basic,2025-02-03
e3e50cf9,LATAM,Basic,2026-04-05
6b7e4ba9,EU,Basic,2023-12-11
